"0","# Fit the linear model with transformed Y"
"0","model_transformed <- lm(Transformed_Deflection ~ data$Area, data = data)"
"0","summary(model_transformed)"
"1","
Call:
"
"1",""
"1","lm(formula = Transformed_Deflection ~ data$Area, data = data)"
"1",""
"1","

"
"1",""
"1","Residuals:
"
"1","       Min "
"1","        1Q "
"1","    Median "
"1","        3Q "
"1","       Max "
"1","
"
"1","-0.0030418 "
"1","-0.0011424 "
"1","-0.0004173 "
"1"," 0.0012061 "
"1"," 0.0030611 "
"1","
"
"1","
Coefficients:
"
"1","           "
"1","  Estimate"
"1"," Std. Error"
"1"," t value"
"1"," Pr(>|t|)"
"1","    "
"1","
(Intercept)"
"1"," 6.978e-02"
"1","  5.251e-04"
"1","  132.88"
"1","   <2e-16"
"1"," ***"
"1","
data$Area  "
"1"," 2.582e-04"
"1","  5.647e-06"
"1","   45.73"
"1","   <2e-16"
"1"," ***"
"1","
"
"1","---
Signif. codes:  "
"1",""
"1","0 ‘***’ 0.001 ‘**’ 0.01 ‘*’ 0.05 ‘.’ 0.1 ‘ ’ 1"
"1","
"
"1","
Residual standard error:"
"1"," "
"1","0.001653"
"1"," "
"1","on"
"1"," "
"1","25"
"1"," "
"1","degrees of freedom"
"1","
"
"1","Multiple R-squared: "
"1"," "
"1","0.9882"
"1",",	Adjusted R-squared: "
"1"," "
"1","0.9877"
"1"," "
"1","
F-statistic:"
"1"," "
"1"," 2091"
"1"," "
"1","on"
"1"," "
"1","1"
"1"," "
"1","and"
"1"," "
"1","25"
"1"," "
"1","DF,  p-value:"
"1"," "
"1","< 2.2e-16"
"1","
"
"1","
"
"0","# Create the residual plot for transformed Y"
"0","plot(data$Area, resid(model_transformed),"
"0","     main = ""Residual Plot: Transformed Deflection vs. Area"","
"0","     xlab = ""Area"", ylab = ""Residuals"","
"0","     col = ""blue"", pch = 19)"
